holiday_date,holiday_name,country_code,affects_volume
2024-01-01,New Year's Day,GLOBAL,true
2024-11-29,Black Friday,GLOBAL,true
2024-12-02,Cyber Monday,GLOBAL,true
2024-12-25,Christmas Day,GLOBAL,true
2024-12-26,Boxing Day,GB,true
2024-07-04,Independence Day,US,true
2024-10-03,German Unity Day,DE,false
2025-01-01,New Year's Day,GLOBAL,true
2025-11-28,Black Friday,GLOBAL,true
2025-12-01,Cyber Monday,GLOBAL,true
2025-12-25,Christmas Day,GLOBAL,true
2025-12-26,Boxing Day,GB,true
2025-07-04,Independence Day,US,true
2025-10-03,German Unity Day,DE,false
2026-01-01,New Year's Day,GLOBAL,true
2026-11-27,Black Friday,GLOBAL,true
2026-11-30,Cyber Monday,GLOBAL,true
2026-12-25,Christmas Day,GLOBAL,true
2026-12-26,Boxing Day,GB,true
2026-07-04,Independence Day,US,true
2026-10-03,German Unity Day,DE,false
2027-01-01,New Year's Day,GLOBAL,true
2027-11-26,Black Friday,GLOBAL,true
2027-11-29,Cyber Monday,GLOBAL,true
2027-12-25,Christmas Day,GLOBAL,true
2027-12-26,Boxing Day,GB,true
2027-07-04,Independence Day,US,true
2027-10-03,German Unity Day,DE,false
