rate_date,currency_code,rate_to_usd,source,is_month_close
2024-01-01,EUR,0.913053,ecb_month_close,true
2024-01-01,GBP,0.786215,ecb_month_close,true
2024-01-01,USD,1.0,identity,true
2024-02-01,EUR,0.916529,ecb_month_close,true
2024-02-01,GBP,0.785188,ecb_month_close,true
2024-02-01,USD,1.0,identity,true
2024-03-01,EUR,0.906735,ecb_month_close,true
2024-03-01,GBP,0.784591,ecb_month_close,true
2024-03-01,USD,1.0,identity,true
2024-04-01,EUR,0.906111,ecb_month_close,true
2024-04-01,GBP,0.773106,ecb_month_close,true
2024-04-01,USD,1.0,identity,true
2024-05-01,EUR,0.907288,ecb_month_close,true
2024-05-01,GBP,0.76741,ecb_month_close,true
2024-05-01,USD,1.0,identity,true
2024-06-01,EUR,0.899588,ecb_month_close,true
2024-06-01,GBP,0.772986,ecb_month_close,true
2024-06-01,USD,1.0,identity,true
2024-07-01,EUR,0.909235,ecb_month_close,true
2024-07-01,GBP,0.762782,ecb_month_close,true
2024-07-01,USD,1.0,identity,true
2024-08-01,EUR,0.895684,ecb_month_close,true
2024-08-01,GBP,0.754401,ecb_month_close,true
2024-08-01,USD,1.0,identity,true
2024-09-01,EUR,0.909364,ecb_month_close,true
2024-09-01,GBP,0.759615,ecb_month_close,true
2024-09-01,USD,1.0,identity,true
2024-10-01,EUR,0.918293,ecb_month_close,true
2024-10-01,GBP,0.756272,ecb_month_close,true
2024-10-01,USD,1.0,identity,true
2024-11-01,EUR,0.913132,ecb_month_close,true
2024-11-01,GBP,0.748216,ecb_month_close,true
2024-11-01,USD,1.0,identity,true
2024-12-01,EUR,0.92071,ecb_month_close,true
2024-12-01,GBP,0.752198,ecb_month_close,true
2024-12-01,USD,1.0,identity,true
2025-01-01,EUR,0.907192,ecb_month_close,true
2025-01-01,GBP,0.764206,ecb_month_close,true
2025-01-01,USD,1.0,identity,true
2025-02-01,EUR,0.899086,ecb_month_close,true
2025-02-01,GBP,0.757435,ecb_month_close,true
2025-02-01,USD,1.0,identity,true
2025-03-01,EUR,0.901861,ecb_month_close,true
2025-03-01,GBP,0.785592,ecb_month_close,true
2025-03-01,USD,1.0,identity,true
2025-04-01,EUR,0.898259,ecb_month_close,true
2025-04-01,GBP,0.799534,ecb_month_close,true
2025-04-01,USD,1.0,identity,true
2025-05-01,EUR,0.899385,ecb_month_close,true
2025-05-01,GBP,0.814717,ecb_month_close,true
2025-05-01,USD,1.0,identity,true
2025-06-01,EUR,0.894783,ecb_month_close,true
2025-06-01,GBP,0.82659,ecb_month_close,true
2025-06-01,USD,1.0,identity,true
2025-07-01,EUR,0.884949,ecb_month_close,true
2025-07-01,GBP,0.819686,ecb_month_close,true
2025-07-01,USD,1.0,identity,true
2025-08-01,EUR,0.896727,ecb_month_close,true
2025-08-01,GBP,0.817086,ecb_month_close,true
2025-08-01,USD,1.0,identity,true
2025-09-01,EUR,0.900734,ecb_month_close,true
2025-09-01,GBP,0.823891,ecb_month_close,true
2025-09-01,USD,1.0,identity,true
2025-10-01,EUR,0.884129,ecb_month_close,true
2025-10-01,GBP,0.82539,ecb_month_close,true
2025-10-01,USD,1.0,identity,true
2025-11-01,EUR,0.892293,ecb_month_close,true
2025-11-01,GBP,0.828311,ecb_month_close,true
2025-11-01,USD,1.0,identity,true
2025-12-01,EUR,0.896575,ecb_month_close,true
2025-12-01,GBP,0.809144,ecb_month_close,true
2025-12-01,USD,1.0,identity,true
2026-01-01,EUR,0.887207,ecb_month_close,true
2026-01-01,GBP,0.808185,ecb_month_close,true
2026-01-01,USD,1.0,identity,true
2026-02-01,EUR,0.90114,ecb_month_close,true
2026-02-01,GBP,0.804964,ecb_month_close,true
2026-02-01,USD,1.0,identity,true
2026-03-01,EUR,0.895678,ecb_month_close,true
2026-03-01,GBP,0.815509,ecb_month_close,true
2026-03-01,USD,1.0,identity,true
2026-04-01,EUR,0.89839,ecb_month_close,true
2026-04-01,GBP,0.79859,ecb_month_close,true
2026-04-01,USD,1.0,identity,true
2026-05-01,EUR,0.894175,ecb_month_close,true
2026-05-01,GBP,0.778679,ecb_month_close,true
2026-05-01,USD,1.0,identity,true
2026-06-01,EUR,0.914353,ecb_month_close,true
2026-06-01,GBP,0.781646,ecb_month_close,true
2026-06-01,USD,1.0,identity,true
2026-07-01,EUR,0.919959,ecb_month_close,true
2026-07-01,GBP,0.795468,ecb_month_close,true
2026-07-01,USD,1.0,identity,true
2026-08-01,EUR,0.926083,ecb_month_close,true
2026-08-01,GBP,0.776177,ecb_month_close,true
2026-08-01,USD,1.0,identity,true
2026-09-01,EUR,0.937726,ecb_month_close,true
2026-09-01,GBP,0.775657,ecb_month_close,true
2026-09-01,USD,1.0,identity,true
2026-10-01,EUR,0.913379,ecb_month_close,true
2026-10-01,GBP,0.77813,ecb_month_close,true
2026-10-01,USD,1.0,identity,true
2026-11-01,EUR,0.909886,ecb_month_close,true
2026-11-01,GBP,0.773002,ecb_month_close,true
2026-11-01,USD,1.0,identity,true
2026-12-01,EUR,0.916688,ecb_month_close,true
2026-12-01,GBP,0.775434,ecb_month_close,true
2026-12-01,USD,1.0,identity,true
2027-01-01,EUR,0.914006,ecb_month_close,true
2027-01-01,GBP,0.776212,ecb_month_close,true
2027-01-01,USD,1.0,identity,true
2027-02-01,EUR,0.93259,ecb_month_close,true
2027-02-01,GBP,0.773183,ecb_month_close,true
2027-02-01,USD,1.0,identity,true
2027-03-01,EUR,0.909746,ecb_month_close,true
2027-03-01,GBP,0.771018,ecb_month_close,true
2027-03-01,USD,1.0,identity,true
2027-04-01,EUR,0.900457,ecb_month_close,true
2027-04-01,GBP,0.767503,ecb_month_close,true
2027-04-01,USD,1.0,identity,true
2027-05-01,EUR,0.916356,ecb_month_close,true
2027-05-01,GBP,0.768955,ecb_month_close,true
2027-05-01,USD,1.0,identity,true
2027-06-01,EUR,0.917775,ecb_month_close,true
2027-06-01,GBP,0.775288,ecb_month_close,true
2027-06-01,USD,1.0,identity,true
2027-07-01,EUR,0.909174,ecb_month_close,true
2027-07-01,GBP,0.781123,ecb_month_close,true
2027-07-01,USD,1.0,identity,true
2027-08-01,EUR,0.904276,ecb_month_close,true
2027-08-01,GBP,0.778904,ecb_month_close,true
2027-08-01,USD,1.0,identity,true
2027-09-01,EUR,0.89372,ecb_month_close,true
2027-09-01,GBP,0.774572,ecb_month_close,true
2027-09-01,USD,1.0,identity,true
2027-10-01,EUR,0.922833,ecb_month_close,true
2027-10-01,GBP,0.780554,ecb_month_close,true
2027-10-01,USD,1.0,identity,true
2027-11-01,EUR,0.905999,ecb_month_close,true
2027-11-01,GBP,0.784074,ecb_month_close,true
2027-11-01,USD,1.0,identity,true
2027-12-01,EUR,0.906259,ecb_month_close,true
2027-12-01,GBP,0.785801,ecb_month_close,true
2027-12-01,USD,1.0,identity,true
